record_id,material_name,sowing_batch,sowing_date,plot_id,event_date,growth_stage,farm_operation,next_observation,note
S20260501001,稻香A,第一播期,2026-05-01,A-01,2026-05-01,播种,人工播种,观察出苗,第一播期
S20260515001,稻香A,第一播期,2026-05-01,A-01,2026-05-15,出苗,田间观察,复查出苗整齐度,出苗较整齐
S20260718001,稻香A,第一播期,2026-05-01,A-01,2026-07-18,抽穗,田间拍照,记录抽穗整齐度,抽穗开始
S20260508001,稻香A,第二播期,2026-05-08,A-02,2026-05-08,播种,人工播种,观察出苗,第二播期
S20260610001,稻香A,第二播期,2026-05-08,A-02,2026-06-10,分蘖,田间观察,复查分蘖进展,分蘖开始
S20260515002,稻香A,第三播期,2026-05-15,A-03,2026-05-15,播种,人工播种,观察出苗,第三播期
S20260515003,稻香B,第一播期,2026-05-01,B-01,2026-05-15,出苗,田间观察,复查苗情,出苗较整齐
S20260610002,稻香B,第一播期,2026-05-01,B-01,2026-06-10,分蘖,田间观察,复查分蘖进展,分蘖开始
S20260508002,稻香B,第二播期,2026-05-08,B-02,2026-05-08,播种,人工播种,观察出苗,第二播期
S20260625001,稻香B,第二播期,2026-05-08,B-02,2026-06-25,拔节,田间观察,关注孕穗节点,进入拔节
S20260515004,稻香B,第三播期,2026-05-15,B-03,2026-05-15,播种,人工播种,观察出苗,第三播期
S20260612001,组合C,第一播期,2026-05-01,C-01,2026-06-12,拔节,田间观察,关注孕穗节点,长势正常
S20260710001,组合C,第一播期,2026-05-01,C-01,2026-07-10,孕穗,田间观察,准备抽穗观察,孕穗明显
S20260508003,组合C,第二播期,2026-05-08,C-02,2026-06-18,分蘖,田间观察,复查分蘖进展,分蘖较好
S20260515005,组合C,第三播期,2026-05-15,C-03,2026-05-28,出苗,田间观察,复查苗情,出苗正常
