operation_id,operation_date,material_name,sowing_batch,plot_id,operation_type,operation_detail,operator,need_follow_up,note
OP20260501001,2026-05-01,稻香A,第一播期,A-01,播种,人工播种，行距30cm,李工,是,天气晴
OP20260508001,2026-05-08,稻香A,第二播期,A-02,播种,人工播种，行距30cm,李工,是,第二播期
OP20260515001,2026-05-15,稻香A,第三播期,A-03,播种,人工播种，行距30cm,李工,是,第三播期
OP20260501002,2026-05-01,稻香B,第一播期,B-01,播种,人工播种，行距30cm,李工,是,天气晴
OP20260508002,2026-05-08,稻香B,第二播期,B-02,播种,人工播种，行距30cm,李工,是,第二播期
OP20260515002,2026-05-15,稻香B,第三播期,B-03,播种,人工播种，行距30cm,李工,是,第三播期
OP20260501003,2026-05-01,组合C,第一播期,C-01,播种,人工播种，行距30cm,王工,是,天气晴
OP20260508003,2026-05-08,组合C,第二播期,C-02,播种,人工播种，行距30cm,王工,是,第二播期
OP20260515003,2026-05-15,组合C,第三播期,C-03,播种,人工播种，行距30cm,王工,是,第三播期
OP20260522001,2026-05-22,稻香A,第一播期,A-01,巡田,复查出苗情况,张工,否,出苗较整齐
OP20260601001,2026-06-01,稻香A,第一播期,A-01,施肥,分蘖肥：尿素10kg/亩,李工,否,按试验方案执行
OP20260601002,2026-06-01,稻香B,第一播期,B-01,施肥,分蘖肥：尿素10kg/亩,李工,否,按试验方案执行
OP20260605001,2026-06-05,组合C,第一播期,C-01,施肥,分蘖肥：尿素10kg/亩,王工,否,按试验方案执行
OP20260620001,2026-06-20,稻香A,第一播期,A-01,打药,喷施防病药剂,张工,是,三天后复查
OP20260620002,2026-06-20,稻香B,第一播期,B-01,打药,喷施防病药剂,张工,是,三天后复查
OP20260710001,2026-07-10,组合C,第一播期,C-01,拍照,拍照记录孕穗期株型,王工,否,补充影像资料
OP20260718001,2026-07-18,稻香A,第一播期,A-01,拍照,拍照记录抽穗情况,张工,是,关注抽穗整齐度
OP20260718002,2026-07-18,稻香A,第一播期,A-01,测量,测量株高和剑叶角度,张工,否,抽样5株

